Workbook

Sheet Sales Data
A1: Order ID | B1: Date | C1: Product | D1: Category | E1: Region | F1: Units Sold | G1: Unit Price | H1: Discount | I1: Sales
A2: ORD001 | B2: 2026-01-05 | C2: Laptop | D2: Electronics | E2: North | F2: 2 | G2: 850 | H2: 0.05 | I2: =F2*G2*(1-H2) -> 1615
A3: ORD002 | B3: 2026-01-07 | C3: Smartphone | D3: Electronics | E3: South | F3: 5 | G3: 520 | H3: 0.1 | I3: =F3*G3*(1-H3) -> 2340
A4: ORD003 | B4: 2026-01-10 | C4: Headphones | D4: Accessories | E4: East | F4: 8 | G4: 75 | H4: 0.05 | I4: =F4*G4*(1-H4) -> 570
A5: ORD004 | B5: 2026-01-13 | C5: Tablet | D5: Electronics | E5: West | F5: 3 | G5: 340 | H5: 0.08 | I5: =F5*G5*(1-H5) -> 938.4
A6: ORD005 | B6: 2026-01-16 | C6: Smartwatch | D6: Accessories | E6: North | F6: 6 | G6: 180 | H6: 0.1 | I6: =F6*G6*(1-H6) -> 972
A7: ORD006 | B7: 2026-01-20 | C7: Keyboard | D7: Accessories | E7: South | F7: 10 | G7: 45 | H7: 0.05 | I7: =F7*G7*(1-H7) -> 427.5
A8: ORD007 | B8: 2026-01-23 | C8: Mouse | D8: Accessories | E8: East | F8: 15 | G8: 25 | H8: 0 | I8: =F8*G8*(1-H8) -> 375
A9: ORD008 | B9: 2026-02-02 | C9: Laptop | D9: Electronics | E9: West | F9: 1 | G9: 850 | H9: 0.05 | I9: =F9*G9*(1-H9) -> 807.5
A10: ORD009 | B10: 2026-02-06 | C10: Smartphone | D10: Electronics | E10: North | F10: 4 | G10: 520 | H10: 0.08 | I10: =F10*G10*(1-H10) -> 1913.6
A11: ORD010 | B11: 2026-02-09 | C11: Headphones | D11: Accessories | E11: South | F11: 12 | G11: 75 | H11: 0.1 | I11: =F11*G11*(1-H11) -> 810
A12: ORD011 | B12: 2026-02-14 | C12: Tablet | D12: Electronics | E12: East | F12: 5 | G12: 340 | H12: 0.05 | I12: =F12*G12*(1-H12) -> 1615
A13: ORD012 | B13: 2026-02-18 | C13: Smartwatch | D13: Accessories | E13: West | F13: 7 | G13: 180 | H13: 0.12 | I13: =F13*G13*(1-H13) -> 1108.8
... A21: ORD020 | B21: 2026-03-29 | C21: Keyboard | D21: Accessories | E21: West | F21: 11 | G21: 45 | H21: 0 | I21: =F21*G21*(1-H21) -> 495

Sheet Summary
A1: Sales Analysis Summary
A2: Total Sales | B2: =SUM('Sales Data'!I2:I21) -> 22648.55 | L2: Sales by Category
A3: Total Units Sold | B3: =SUM('Sales Data'!F2:F21) -> 148 | L3: Electronics | M3: =SUMIF('Sales Data'!D2:D21,L3,'Sales Data'!I2:I21) -> 14947.5
A4: Average Order Value | B4: =AVERAGE('Sales Data'!I2:I21) -> 1132.4275 | L4: Accessories | M4: =SUMIF('Sales Data'!D2:D21,L4,'Sales Data'!I2:I21) -> 7701.05
A5: Total Discount Given | B5: {=SUMPRODUCT('Sales Data'!F2:F21*'Sales Data'!G2:G21*'Sales Data'!H2:H21)} -> 1736.45
A6: Discount Rate | B6: =B5/(B2+B5) -> 0.07120976
A7: Total Orders | B7: =COUNTA('Sales Data'!A2:A21) -> 20
A8: Average Discount | B8: =AVERAGE('Sales Data'!H2:H21) -> 0.063
A9: Highest Order Sales | B9: =MAX('Sales Data'!I2:I21) -> 2964
A10: Lowest Order Sales | B10: =MIN('Sales Data'!I2:I21) -> 375
A12: Sales by Region
A13: North | B13: =SUMIF('Sales Data'!E2:E21,A13,'Sales Data'!I2:I21) -> 5575.35
A14: South | B14: =SUMIF('Sales Data'!E2:E21,A14,'Sales Data'!I2:I21) -> 5301.5
A15: East | B15: =SUMIF('Sales Data'!E2:E21,A15,'Sales Data'!I2:I21) -> 5458
A16: West | B16: =SUMIF('Sales Data'!E2:E21,A16,'Sales Data'!I2:I21) -> 6313.7
A18: Monthly Sales
A19: Month | B19: Sales
A20: Month 1 | B20: {=SUMPRODUCT((MONTH('Sales Data'!B$2:B$21)=1)*('Sales Data'!I$2:I$21))} -> 7237.9
A21: Month 2 | B21: {=SUMPRODUCT((MONTH('Sales Data'!B$2:B$21)=2)*('Sales Data'!I$2:I$21))} -> 6639.65
A22: Month 3 | B22: {=SUMPRODUCT((MONTH('Sales Data'!B$2:B$21)=3)*'Sales Data'!I$2:I$21)} -> 8771
S23: Prepared by: Negin Darzi

Sheet Product Analysis
A1: Product Sales Analysis
A3: Top 5 Products by Sales
A4: Row Labels | B4: Sum of Sales
A5: Smartphone | B5: 7217.6
A6: Laptop | B6: 3952.5
A7: Tablet | B7: 3777.4
A8: Smartwatch | B8: 3448.8
A9: Headphones | B9: 2070
A10: Grand Total | B10: 20466.3
A13: Key Insights
A14: Smartphone has the highest sales among all products
A15: West region has the highest total sales
A16: Electronics generate higher sales than Accessories
A17: Month 3 has the highest monthly sales
